order_id,customer_id,product_id,qty,price,order_amount,order_date,city,status
1,103,139,4,1347.89,5391.56,2024-04-02,Hyderabad,processing
2,180,182,3,4220.27,12660.81,2025-06-03,Mumbai,delivered
3,93,141,4,288.29,1153.16,2025-03-03,Pune,delivered
4,15,140,2,4518.63,9037.26,2025-05-07,Chennai,processing
5,107,105,2,2361.24,4722.48,2024-08-22,Mumbai,processing
6,72,151,4,3222.29,12889.16,2024-06-09,Mumbai,processing
7,189,125,4,3330.83,13323.32,2024-11-26,Kolkata,processing
8,21,163,1,4486.08,4486.08,2024-11-28,Hyderabad,processing
9,103,197,2,3219.68,6439.36,2024-02-19,Mumbai,processing
10,122,158,4,3108.27,12433.08,2025-06-06,Delhi,cancelled
11,75,155,4,426.59,1706.36,2025-05-06,Delhi,processing
12,88,158,2,2640.2,5280.4,2025-08-04,Bengaluru,cancelled
13,117,169,4,835.83,3343.32,2024-09-28,Hyderabad,cancelled
14,100,132,1,3713.43,3713.43,2025-08-02,Kolkata,processing
15,104,152,2,2609.89,5219.78,2024-09-08,Pune,processing
16,152,121,1,3433.12,3433.12,2025-07-13,Bengaluru,cancelled
17,131,120,1,304.2,304.2,2024-03-30,Delhi,cancelled
18,150,169,1,515.48,515.48,2025-03-21,Kolkata,processing
19,53,169,1,3609.98,3609.98,2024-11-27,Bengaluru,processing
20,2,103,2,453.21,906.42,2024-05-18,Hyderabad,cancelled
21,88,193,1,449.16,449.16,2024-12-22,Kolkata,cancelled
22,158,174,1,159.33,159.33,2024-09-30,Hyderabad,cancelled
23,38,161,4,4786.86,19147.44,2024-01-19,Mumbai,delivered
24,130,161,2,3713.79,7427.58,2024-11-06,Chennai,cancelled
25,192,193,2,1830.93,3661.86,2024-06-02,Mumbai,delivered
26,188,194,3,1553.02,4659.06,2025-01-24,Hyderabad,processing
27,21,123,2,1813.55,3627.1,2024-09-16,Kolkata,processing
28,161,154,2,3895.8,7791.6,2025-07-24,Delhi,cancelled
29,58,108,3,3340.72,10022.16,2024-05-04,Pune,processing
30,22,102,2,1007.46,2014.92,2024-12-19,Delhi,processing
31,89,130,2,953.14,1906.28,2024-09-29,Kolkata,processing
32,49,139,2,582.14,1164.28,2024-09-01,Mumbai,processing
33,59,135,2,3335.48,6670.96,2025-03-25,Pune,delivered
34,170,123,3,3845.43,11536.29,2024-09-03,Kolkata,delivered
35,188,194,2,1398.73,2797.46,2025-06-03,Hyderabad,cancelled
36,15,105,2,202.63,405.26,2024-05-20,Delhi,cancelled
37,190,165,3,502.64,1507.92,2024-12-27,Hyderabad,cancelled
38,190,183,4,4842.51,19370.04,2024-01-08,Pune,processing
39,175,191,1,1547.68,1547.68,2025-04-22,Pune,processing
40,190,174,4,3869.19,15476.76,2024-12-17,Delhi,delivered
41,51,103,3,3160.85,9482.55,2025-05-09,Hyderabad,delivered
42,108,178,1,1971.5,1971.5,2025-03-02,Bengaluru,cancelled
43,55,105,3,1107.87,3323.61,2024-02-08,Hyderabad,delivered
44,64,193,3,694.79,2084.37,2025-08-15,Pune,delivered
45,131,150,2,3113.56,6227.12,2024-07-05,Hyderabad,delivered
46,51,161,1,3895.71,3895.71,2025-08-18,Kolkata,delivered
47,135,156,2,3255.13,6510.26,2025-08-22,Mumbai,delivered
48,21,165,1,2698.48,2698.48,2024-04-02,Bengaluru,cancelled
49,73,178,3,305.56,916.68,2024-03-26,Chennai,cancelled
50,167,174,3,4845.6,14536.8,2024-02-13,Kolkata,delivered
51,18,107,4,4013.7,16054.8,2024-05-16,Mumbai,cancelled
52,132,125,1,1534.83,1534.83,2025-02-24,Chennai,processing
53,89,150,2,4901.85,9803.7,2024-03-14,Delhi,delivered
54,60,144,4,3049.22,12196.88,2025-07-01,Chennai,processing
55,14,143,4,2953.87,11815.48,2025-05-26,Kolkata,cancelled
56,9,104,4,3765.56,15062.24,2024-06-04,Hyderabad,cancelled
57,90,169,2,4077.67,8155.34,2024-09-11,Kolkata,processing
58,53,125,4,3316.75,13267.0,2024-06-19,Chennai,cancelled
59,130,167,2,727.67,1455.34,2024-06-18,Pune,delivered
60,84,118,4,1757.51,7030.04,2024-11-17,Mumbai,processing
61,92,183,2,4647.61,9295.22,2025-07-20,Mumbai,delivered
62,111,196,3,1200.62,3601.86,2025-03-31,Chennai,processing
63,188,119,3,1923.62,5770.86,2024-06-03,Mumbai,cancelled
64,199,111,3,2217.18,6651.54,2024-12-14,Pune,processing
65,172,146,3,2253.08,6759.24,2025-03-26,Kolkata,processing
66,8,100,3,3103.4,9310.2,2024-06-21,Mumbai,delivered
67,175,189,4,4721.07,18884.28,2024-01-10,Chennai,cancelled
68,35,113,4,1279.39,5117.56,2024-09-21,Bengaluru,delivered
69,81,163,4,695.36,2781.44,2025-03-13,Bengaluru,cancelled
70,164,137,2,1067.61,2135.22,2024-09-03,Delhi,delivered
71,50,136,2,4445.93,8891.86,2025-06-29,Mumbai,processing
72,104,110,2,3264.47,6528.94,2025-05-13,Kolkata,delivered
73,132,199,2,1500.94,3001.88,2024-05-08,Chennai,cancelled
74,2,176,3,4098.14,12294.42,2024-11-22,Mumbai,cancelled
75,134,102,3,4320.71,12962.13,2025-02-07,Hyderabad,processing
76,54,132,3,4247.92,12743.76,2024-12-24,Pune,cancelled
77,106,105,1,4602.74,4602.74,2024-01-17,Mumbai,delivered
78,4,149,4,1335.98,5343.92,2024-09-30,Mumbai,processing
79,54,109,2,3799.71,7599.42,2024-04-25,Bengaluru,cancelled
80,191,104,2,2356.64,4713.28,2024-03-31,Pune,cancelled
81,146,122,3,4225.79,12677.37,2024-03-22,Chennai,delivered
82,44,109,2,3669.6,7339.2,2024-11-19,Mumbai,delivered
83,162,143,2,3904.59,7809.18,2024-04-23,Bengaluru,processing
84,190,101,4,3315.19,13260.76,2024-02-27,Delhi,cancelled
85,14,112,3,969.4,2908.2,2024-06-02,Pune,delivered
86,95,139,4,2770.63,11082.52,2025-02-07,Bengaluru,processing
87,48,101,1,4924.88,4924.88,2024-09-22,Bengaluru,cancelled
88,15,183,1,4693.2,4693.2,2024-11-10,Kolkata,cancelled
89,200,164,1,311.55,311.55,2024-02-10,Bengaluru,processing
90,190,162,3,907.59,2722.77,2024-04-14,Kolkata,processing
91,40,172,2,745.47,1490.94,2024-07-11,Mumbai,delivered
92,82,116,3,3657.3,10971.9,2025-02-04,Mumbai,cancelled
93,111,108,3,4107.15,12321.45,2024-10-04,Delhi,cancelled
94,53,174,2,1146.21,2292.42,2024-12-19,Hyderabad,cancelled
95,24,114,4,2578.68,10314.72,2025-08-02,Hyderabad,processing
96,154,123,1,4219.44,4219.44,2024-09-12,Hyderabad,delivered
97,188,137,4,3690.73,14762.92,2024-04-08,Kolkata,cancelled
98,124,134,1,2756.96,2756.96,2025-08-10,Pune,processing
99,41,193,3,2992.7,8978.1,2024-10-08,Pune,cancelled
100,157,194,1,2590.97,2590.97,2025-02-06,Delhi,delivered
101,15,148,3,1557.99,4673.97,2024-04-18,Pune,cancelled
102,45,168,4,2868.61,11474.44,2024-07-17,Hyderabad,delivered
103,65,161,3,3475.54,10426.62,2024-10-29,Hyderabad,delivered
104,89,159,4,4379.28,17517.12,2024-11-22,Bengaluru,cancelled
105,71,149,2,3217.83,6435.66,2024-06-02,Pune,cancelled
106,9,177,2,3829.5,7659.0,2025-07-05,Mumbai,delivered
107,88,174,2,884.35,1768.7,2025-02-08,Mumbai,processing
108,129,108,3,2361.63,7084.89,2025-04-06,Bengaluru,delivered
109,136,133,2,145.72,291.44,2024-05-11,Bengaluru,cancelled
110,63,175,1,1308.73,1308.73,2024-03-24,Bengaluru,cancelled
111,139,198,4,3659.66,14638.64,2025-02-02,Mumbai,processing
112,81,134,4,4959.87,19839.48,2024-04-18,Hyderabad,delivered
113,136,100,1,585.97,585.97,2024-08-08,Bengaluru,delivered
114,163,139,3,2067.32,6201.96,2025-07-06,Delhi,delivered
115,163,163,3,4020.35,12061.05,2025-01-02,Kolkata,cancelled
116,33,121,4,1099.77,4399.08,2024-05-26,Bengaluru,delivered
117,123,159,2,2819.92,5639.84,2024-04-21,Kolkata,processing
118,5,163,3,3692.05,11076.15,2025-07-11,Chennai,cancelled
119,41,192,3,3118.33,9354.99,2025-05-08,Bengaluru,cancelled
120,28,171,1,1021.32,1021.32,2025-05-19,Mumbai,delivered
121,135,110,1,1841.38,1841.38,2025-04-19,Pune,processing
122,72,113,2,3940.58,7881.16,2024-09-27,Bengaluru,cancelled
123,12,159,3,2815.71,8447.13,2025-02-24,Pune,cancelled
124,162,129,3,125.63,376.89,2025-01-01,Chennai,delivered
125,33,134,1,3828.85,3828.85,2024-10-06,Delhi,delivered
126,48,184,3,273.03,819.09,2024-10-09,Pune,processing
127,151,136,4,3754.1,15016.4,2024-02-09,Kolkata,delivered
128,62,104,1,1092.15,1092.15,2024-07-07,Hyderabad,processing
129,37,182,2,4794.56,9589.12,2024-06-12,Bengaluru,cancelled
130,99,177,1,1902.91,1902.91,2025-06-19,Chennai,processing
131,172,125,3,1701.96,5105.88,2025-06-19,Chennai,processing
132,104,161,2,829.55,1659.1,2024-01-04,Pune,processing
133,35,103,1,1597.46,1597.46,2024-10-16,Delhi,cancelled
134,193,188,4,4395.59,17582.36,2025-03-08,Mumbai,delivered
135,101,141,4,4982.04,19928.16,2025-04-15,Bengaluru,cancelled
136,175,188,1,1904.72,1904.72,2024-06-29,Chennai,delivered
137,131,117,4,2298.19,9192.76,2024-09-04,Delhi,processing
138,1,139,4,3638.15,14552.6,2024-10-05,Hyderabad,processing
139,5,171,4,4442.36,17769.44,2025-08-03,Chennai,processing
140,142,138,2,3005.92,6011.84,2024-09-10,Delhi,processing
141,103,113,4,2018.48,8073.92,2024-06-29,Mumbai,processing
142,27,131,4,2121.85,8487.4,2025-05-23,Mumbai,delivered
143,137,150,4,3508.53,14034.12,2025-07-19,Chennai,delivered
144,15,137,2,115.77,231.54,2024-11-21,Kolkata,processing
145,90,196,1,3135.99,3135.99,2024-12-22,Chennai,cancelled
146,42,122,3,1841.92,5525.76,2025-01-25,Pune,cancelled
147,124,162,4,3991.57,15966.28,2024-03-25,Bengaluru,processing
148,179,114,1,555.65,555.65,2024-11-12,Delhi,delivered
149,63,196,4,2982.19,11928.76,2024-07-30,Chennai,cancelled
150,96,124,2,2456.77,4913.54,2025-05-29,Bengaluru,cancelled
151,52,116,1,3247.4,3247.4,2025-01-18,Pune,cancelled
152,96,196,2,417.78,835.56,2024-12-07,Bengaluru,processing
153,132,165,4,2941.92,11767.68,2024-02-07,Chennai,cancelled
154,151,177,4,2851.27,11405.08,2025-05-25,Mumbai,cancelled
155,143,152,2,2847.23,5694.46,2025-02-23,Delhi,cancelled
156,171,150,3,3057.09,9171.27,2024-06-17,Delhi,cancelled
157,29,138,2,3414.69,6829.38,2024-12-08,Mumbai,delivered
158,36,150,4,4044.45,16177.8,2024-11-01,Kolkata,processing
159,13,169,2,1422.12,2844.24,2025-06-25,Chennai,processing
160,160,105,3,4142.74,12428.22,2025-06-20,Delhi,delivered
161,71,166,2,2541.45,5082.9,2024-04-21,Chennai,delivered
162,187,106,3,477.59,1432.77,2025-02-14,Pune,processing
163,86,150,3,386.9,1160.7,2024-07-24,Chennai,cancelled
164,28,171,2,1737.77,3475.54,2024-07-03,Bengaluru,cancelled
165,66,141,2,3946.0,7892.0,2025-01-16,Mumbai,processing
166,170,163,1,3567.64,3567.64,2025-05-10,Kolkata,cancelled
167,45,114,4,3964.21,15856.84,2025-01-13,Chennai,delivered
168,62,128,3,2634.62,7903.86,2024-02-16,Kolkata,cancelled
169,185,132,1,2256.98,2256.98,2025-07-04,Kolkata,cancelled
170,134,193,2,822.52,1645.04,2025-06-11,Pune,cancelled
171,28,126,4,1708.14,6832.56,2025-05-18,Hyderabad,processing
172,28,135,1,2226.69,2226.69,2024-01-22,Mumbai,delivered
173,108,128,3,534.14,1602.42,2024-07-31,Kolkata,cancelled
174,44,137,1,1181.0,1181.0,2024-11-05,Delhi,processing
175,84,156,3,3031.3,9093.9,2024-09-28,Bengaluru,cancelled
176,30,196,2,3704.75,7409.5,2025-07-24,Delhi,delivered
177,190,126,4,4991.9,19967.6,2024-07-20,Pune,cancelled
178,75,154,4,4672.26,18689.04,2024-02-01,Pune,delivered
179,128,132,4,3248.57,12994.28,2025-03-18,Delhi,cancelled
180,92,167,2,2164.12,4328.24,2024-06-10,Mumbai,delivered
181,190,185,3,3217.27,9651.81,2024-09-10,Delhi,cancelled
182,129,165,2,3949.69,7899.38,2025-06-04,Chennai,delivered
183,121,109,4,679.85,2719.4,2025-04-24,Delhi,cancelled
184,27,104,2,2108.53,4217.06,2024-01-10,Bengaluru,cancelled
185,190,173,2,4215.03,8430.06,2025-05-19,Bengaluru,processing
186,121,196,2,1980.78,3961.56,2025-07-13,Hyderabad,processing
187,116,137,3,2902.17,8706.51,2025-03-11,Bengaluru,delivered
188,3,112,1,2980.07,2980.07,2024-04-20,Delhi,cancelled
189,103,130,1,1003.93,1003.93,2024-06-01,Bengaluru,delivered
190,198,146,2,1874.95,3749.9,2024-04-11,Mumbai,processing
191,200,199,1,1739.11,1739.11,2024-07-09,Kolkata,delivered
192,155,187,1,228.36,228.36,2025-07-16,Bengaluru,delivered
193,137,151,2,218.54,437.08,2024-03-21,Chennai,processing
194,62,155,2,4175.32,8350.64,2025-05-03,Mumbai,cancelled
195,165,114,4,1438.05,5752.2,2024-03-28,Hyderabad,delivered
196,51,128,1,2638.59,2638.59,2024-07-12,Chennai,processing
197,172,107,3,1563.76,4691.28,2024-04-13,Delhi,cancelled
198,152,104,2,4709.33,9418.66,2024-04-05,Kolkata,processing
199,59,128,4,1370.55,5482.2,2025-02-26,Delhi,delivered
200,118,146,3,2205.32,6615.96,2024-07-16,Kolkata,cancelled
201,160,167,1,4376.38,4376.38,2024-01-01,Kolkata,cancelled
202,96,175,4,4225.47,16901.88,2025-02-10,Delhi,processing
203,180,144,2,1011.9,2023.8,2025-01-12,Chennai,processing
204,113,101,3,4032.95,12098.85,2024-06-15,Chennai,processing
205,62,126,2,2345.12,4690.24,2025-05-23,Kolkata,cancelled
206,186,194,1,2466.55,2466.55,2024-11-08,Chennai,cancelled
207,52,135,3,754.05,2262.15,2025-08-15,Kolkata,delivered
208,12,135,1,494.95,494.95,2025-02-21,Kolkata,cancelled
209,39,125,1,3666.9,3666.9,2025-04-21,Mumbai,delivered
210,130,142,4,2532.66,10130.64,2024-03-13,Pune,processing
211,131,126,2,2240.57,4481.14,2024-05-20,Mumbai,processing
212,113,168,3,3674.59,11023.77,2025-08-04,Delhi,cancelled
213,101,119,1,3851.01,3851.01,2024-09-18,Pune,processing
214,113,110,1,878.65,878.65,2024-12-05,Bengaluru,processing
215,184,173,3,3090.1,9270.3,2024-11-03,Delhi,cancelled
216,81,137,1,763.24,763.24,2024-09-01,Hyderabad,delivered
217,187,105,4,3781.74,15126.96,2025-05-29,Mumbai,cancelled
218,113,171,4,3319.08,13276.32,2024-12-02,Chennai,delivered
219,2,122,4,4787.41,19149.64,2025-07-28,Mumbai,cancelled
220,130,146,4,437.89,1751.56,2025-07-14,Chennai,cancelled
221,54,189,1,379.57,379.57,2024-03-16,Pune,processing
222,87,145,3,1482.72,4448.16,2024-06-23,Hyderabad,cancelled
223,129,111,3,1382.36,4147.08,2024-04-18,Pune,cancelled
224,147,189,3,1310.2,3930.6,2024-07-01,Hyderabad,delivered
225,126,112,3,4540.65,13621.95,2024-07-10,Mumbai,processing
226,130,161,2,1322.78,2645.56,2024-03-05,Chennai,delivered
227,53,181,3,1432.55,4297.65,2025-04-18,Pune,delivered
228,172,188,2,3821.05,7642.1,2024-04-09,Hyderabad,processing
229,160,196,2,2303.73,4607.46,2025-06-27,Kolkata,processing
230,198,159,4,3905.88,15623.52,2024-05-07,Delhi,processing
231,160,142,2,420.29,840.58,2025-03-27,Delhi,cancelled
232,68,175,1,2489.1,2489.1,2025-01-03,Pune,processing
233,183,199,2,264.71,529.42,2024-02-12,Chennai,processing
234,184,167,4,407.0,1628.0,2025-02-22,Kolkata,processing
235,123,104,2,4541.54,9083.08,2025-05-02,Pune,delivered
236,145,136,1,782.3,782.3,2024-03-18,Mumbai,delivered
237,38,171,1,2708.86,2708.86,2024-09-26,Hyderabad,cancelled
238,24,191,1,2114.37,2114.37,2024-11-10,Mumbai,delivered
239,69,130,4,1801.98,7207.92,2024-06-16,Delhi,cancelled
240,116,108,4,4509.18,18036.72,2024-12-04,Hyderabad,delivered
241,98,150,3,206.93,620.79,2024-07-11,Pune,processing
242,198,128,4,3352.57,13410.28,2025-03-28,Mumbai,delivered
243,139,177,1,4820.63,4820.63,2024-10-09,Bengaluru,cancelled
244,144,139,1,2844.82,2844.82,2024-12-01,Chennai,delivered
245,97,140,4,4690.43,18761.72,2025-01-24,Kolkata,processing
246,124,185,2,356.06,712.12,2025-06-08,Kolkata,cancelled
247,187,110,4,2152.09,8608.36,2024-08-27,Chennai,processing
248,70,122,4,1374.77,5499.08,2025-04-27,Bengaluru,processing
249,93,100,1,3681.02,3681.02,2025-08-14,Delhi,cancelled
250,3,145,3,4908.36,14725.08,2025-07-08,Hyderabad,processing
251,148,120,1,1357.0,1357.0,2025-04-02,Chennai,processing
252,187,189,3,3305.46,9916.38,2024-03-29,Bengaluru,delivered
253,164,135,1,1070.68,1070.68,2024-04-04,Pune,processing
254,147,153,4,2870.12,11480.48,2025-03-27,Kolkata,processing
255,90,186,1,2373.27,2373.27,2025-03-03,Bengaluru,processing
256,195,156,1,4862.83,4862.83,2024-05-30,Delhi,processing
257,147,100,1,3081.78,3081.78,2025-05-28,Delhi,cancelled
258,148,162,4,1812.58,7250.32,2025-01-10,Mumbai,delivered
259,96,153,4,659.07,2636.28,2024-01-22,Chennai,processing
260,199,154,4,841.11,3364.44,2024-11-08,Mumbai,processing
261,52,139,4,1204.05,4816.2,2025-06-02,Kolkata,cancelled
262,161,114,3,1329.74,3989.22,2024-07-24,Bengaluru,processing
263,168,120,3,4268.02,12804.06,2025-01-09,Hyderabad,cancelled
264,128,146,2,2849.99,5699.98,2025-03-26,Hyderabad,delivered
265,39,172,4,2664.62,10658.48,2025-08-17,Delhi,delivered
266,82,152,3,662.37,1987.11,2024-06-27,Hyderabad,processing
267,104,108,1,4314.68,4314.68,2024-07-28,Hyderabad,processing
268,129,173,4,3641.79,14567.16,2025-05-14,Kolkata,processing
269,11,151,2,431.57,863.14,2025-04-08,Hyderabad,cancelled
270,185,156,2,3568.39,7136.78,2024-05-03,Bengaluru,processing
271,178,125,2,2763.34,5526.68,2024-04-22,Hyderabad,processing
272,151,140,1,500.45,500.45,2024-01-12,Pune,delivered
273,159,134,3,2345.67,7037.01,2024-05-05,Hyderabad,processing
274,42,162,1,2475.01,2475.01,2025-07-18,Hyderabad,delivered
275,99,124,4,912.3,3649.2,2024-11-26,Mumbai,processing
276,7,189,2,4733.92,9467.84,2024-10-09,Bengaluru,delivered
277,144,174,1,4264.88,4264.88,2024-05-19,Delhi,processing
278,90,137,1,3378.21,3378.21,2025-02-04,Mumbai,delivered
279,112,101,3,2365.25,7095.75,2024-04-06,Chennai,cancelled
280,60,106,3,2117.65,6352.95,2025-05-31,Bengaluru,delivered
281,113,181,2,3289.77,6579.54,2025-07-22,Pune,delivered
282,2,190,1,2772.62,2772.62,2024-03-09,Bengaluru,delivered
283,129,133,1,405.14,405.14,2024-04-27,Chennai,processing
284,48,190,3,2611.26,7833.78,2024-02-28,Chennai,processing
285,140,116,1,4051.38,4051.38,2024-02-02,Chennai,processing
286,197,142,1,2350.28,2350.28,2024-11-13,Kolkata,cancelled
287,37,158,1,354.59,354.59,2024-02-19,Delhi,cancelled
288,160,150,3,3952.76,11858.28,2025-05-03,Hyderabad,delivered
289,9,153,2,1086.68,2173.36,2024-01-19,Bengaluru,cancelled
290,99,123,4,1367.24,5468.96,2024-07-15,Kolkata,delivered
291,147,124,2,907.06,1814.12,2025-03-25,Hyderabad,delivered
292,48,170,4,1718.05,6872.2,2025-07-12,Hyderabad,delivered
293,131,151,1,3808.08,3808.08,2025-03-27,Pune,cancelled
294,148,169,2,2644.99,5289.98,2024-10-15,Chennai,processing
295,152,187,4,1103.92,4415.68,2024-05-20,Delhi,cancelled
296,54,132,3,4401.37,13204.11,2024-03-24,Pune,delivered
297,120,148,3,4409.95,13229.85,2025-01-25,Mumbai,delivered
298,161,128,2,4365.83,8731.66,2025-08-13,Kolkata,cancelled
299,152,162,2,1270.1,2540.2,2024-08-02,Kolkata,delivered
300,116,121,1,2311.07,2311.07,2025-06-09,Delhi,delivered
301,75,125,2,4926.45,9852.9,2024-08-02,Hyderabad,cancelled
302,113,127,1,3882.86,3882.86,2025-02-06,Kolkata,cancelled
303,200,184,1,233.12,233.12,2024-05-07,Delhi,cancelled
304,164,148,3,419.5,1258.5,2025-04-21,Kolkata,delivered
305,166,170,3,2373.26,7119.78,2025-02-07,Kolkata,delivered
306,104,180,4,4555.18,18220.72,2024-01-29,Chennai,processing
307,84,183,3,2739.64,8218.92,2024-12-03,Mumbai,processing
308,112,148,3,2539.28,7617.84,2024-12-26,Chennai,cancelled
309,99,119,2,616.82,1233.64,2025-07-22,Mumbai,processing
310,153,185,3,3318.22,9954.66,2025-01-26,Kolkata,delivered
311,93,191,4,4128.31,16513.24,2024-08-05,Pune,processing
312,146,162,2,1964.06,3928.12,2025-07-27,Hyderabad,delivered
313,128,160,4,3900.5,15602.0,2024-07-20,Kolkata,cancelled
314,110,148,3,4825.94,14477.82,2024-01-17,Mumbai,cancelled
315,82,170,4,1098.46,4393.84,2024-11-17,Mumbai,delivered
316,194,100,2,2664.32,5328.64,2025-06-01,Mumbai,processing
317,54,195,1,1506.98,1506.98,2025-07-23,Kolkata,cancelled
318,163,112,4,3984.99,15939.96,2024-11-20,Delhi,cancelled
319,189,193,4,2930.21,11720.84,2025-02-15,Pune,processing
320,169,186,2,3209.45,6418.9,2024-11-13,Delhi,processing
321,161,150,2,4009.78,8019.56,2024-03-22,Hyderabad,delivered
322,68,155,4,2040.26,8161.04,2025-04-18,Kolkata,processing
323,33,182,3,4583.94,13751.82,2025-04-12,Mumbai,processing
324,142,161,4,2711.84,10847.36,2025-02-28,Pune,processing
325,21,131,2,873.98,1747.96,2024-07-22,Pune,delivered
326,48,129,1,3509.91,3509.91,2025-08-05,Bengaluru,delivered
327,148,128,1,3986.98,3986.98,2025-01-21,Hyderabad,cancelled
328,128,148,3,1652.13,4956.39,2024-04-07,Pune,delivered
329,136,144,4,4300.18,17200.72,2024-12-10,Kolkata,cancelled
330,135,192,1,4540.1,4540.1,2024-07-26,Mumbai,processing
331,195,129,4,1456.83,5827.32,2025-05-28,Mumbai,cancelled
332,145,115,2,4919.26,9838.52,2025-08-08,Pune,cancelled
333,128,139,1,789.49,789.49,2024-06-14,Delhi,processing
334,33,118,3,1089.88,3269.64,2024-01-22,Hyderabad,cancelled
335,176,117,2,1002.7,2005.4,2024-06-02,Mumbai,delivered
336,187,100,3,4480.55,13441.65,2025-03-14,Pune,delivered
337,115,177,2,3306.03,6612.06,2024-10-21,Mumbai,delivered
338,119,146,1,845.31,845.31,2024-08-06,Pune,delivered
339,22,165,3,2257.58,6772.74,2025-05-09,Hyderabad,cancelled
340,158,191,3,3114.96,9344.88,2024-08-17,Pune,cancelled
341,38,193,2,508.97,1017.94,2024-01-20,Bengaluru,processing
342,109,137,3,4423.84,13271.52,2025-07-06,Pune,cancelled
343,51,150,2,4037.66,8075.32,2024-05-27,Pune,cancelled
344,182,162,2,2575.51,5151.02,2024-04-17,Kolkata,cancelled
345,8,103,2,4838.92,9677.84,2025-02-06,Hyderabad,processing
346,27,100,2,2147.03,4294.06,2025-08-18,Kolkata,delivered
347,27,107,1,4922.14,4922.14,2025-04-27,Pune,cancelled
348,21,128,2,3372.81,6745.62,2025-01-01,Hyderabad,processing
349,30,154,4,3209.89,12839.56,2025-02-17,Bengaluru,processing
350,97,102,3,913.18,2739.54,2024-11-04,Hyderabad,processing
351,28,131,4,4421.45,17685.8,2024-05-13,Mumbai,delivered
352,111,109,1,2194.7,2194.7,2024-10-09,Kolkata,cancelled
353,192,173,4,894.94,3579.76,2024-03-13,Hyderabad,processing
354,197,182,3,161.78,485.34,2025-04-25,Bengaluru,delivered
355,61,133,4,2842.8,11371.2,2024-12-17,Chennai,processing
356,48,196,1,2684.26,2684.26,2025-07-13,Pune,processing
357,147,186,2,3624.83,7249.66,2024-11-21,Hyderabad,processing
358,4,154,4,4462.26,17849.04,2025-03-18,Pune,processing
359,35,191,1,489.09,489.09,2024-04-09,Delhi,processing
360,192,131,1,3684.33,3684.33,2024-02-28,Mumbai,delivered
361,49,149,3,1018.32,3054.96,2025-05-22,Kolkata,cancelled
362,17,106,3,4305.07,12915.21,2024-09-14,Mumbai,cancelled
363,172,192,4,4113.41,16453.64,2025-02-16,Delhi,cancelled
364,158,107,2,2749.89,5499.78,2025-03-27,Delhi,cancelled
365,46,164,1,3580.19,3580.19,2024-03-05,Kolkata,delivered
366,117,156,4,1640.32,6561.28,2025-08-17,Hyderabad,delivered
367,6,166,1,2408.72,2408.72,2024-06-02,Delhi,delivered
368,99,187,1,4126.02,4126.02,2024-09-22,Chennai,processing
369,124,186,2,2350.4,4700.8,2024-03-19,Pune,processing
370,37,158,2,1853.21,3706.42,2024-11-10,Pune,processing
371,24,171,4,2521.64,10086.56,2025-07-13,Bengaluru,cancelled
372,93,153,2,4158.42,8316.84,2024-09-04,Delhi,processing
373,46,166,2,1742.52,3485.04,2025-02-17,Delhi,cancelled
374,181,150,4,951.43,3805.72,2024-01-25,Chennai,processing
375,95,196,2,3588.87,7177.74,2024-10-10,Mumbai,cancelled
376,99,191,3,4147.29,12441.87,2025-03-24,Mumbai,processing
377,188,107,1,593.12,593.12,2024-10-27,Pune,processing
378,116,133,1,1275.38,1275.38,2024-03-08,Pune,delivered
379,191,134,1,795.66,795.66,2024-01-07,Hyderabad,processing
380,160,195,1,1804.91,1804.91,2024-05-16,Kolkata,processing
381,161,187,4,2306.72,9226.88,2024-06-12,Chennai,delivered
382,67,177,1,3769.25,3769.25,2024-03-23,Kolkata,cancelled
383,128,131,1,3290.62,3290.62,2025-02-23,Kolkata,delivered
384,18,145,1,3142.55,3142.55,2024-03-13,Bengaluru,delivered
385,25,115,1,1826.64,1826.64,2024-08-24,Kolkata,cancelled
386,54,167,3,4223.09,12669.27,2024-02-15,Bengaluru,processing
387,58,136,1,2409.31,2409.31,2024-09-18,Kolkata,cancelled
388,67,153,3,4897.61,14692.83,2024-06-24,Chennai,processing
389,104,184,4,3207.3,12829.2,2024-06-14,Bengaluru,processing
390,174,113,2,718.7,1437.4,2025-01-04,Mumbai,cancelled
391,24,194,1,3413.27,3413.27,2024-02-23,Bengaluru,delivered
392,114,154,2,1693.01,3386.02,2025-02-22,Bengaluru,cancelled
393,32,147,2,3463.0,6926.0,2025-05-21,Chennai,processing
394,175,181,4,441.24,1764.96,2024-12-06,Chennai,cancelled
395,86,106,2,956.92,1913.84,2024-05-06,Bengaluru,cancelled
396,151,173,3,4293.11,12879.33,2025-02-12,Delhi,processing
397,194,106,2,1213.18,2426.36,2025-01-01,Chennai,delivered
398,127,132,2,4201.5,8403.0,2024-09-27,Hyderabad,cancelled
399,155,122,2,1468.45,2936.9,2025-01-13,Hyderabad,processing
400,130,184,1,3250.12,3250.12,2024-03-13,Mumbai,processing
401,17,118,1,3501.34,3501.34,2024-09-04,Kolkata,cancelled
402,104,118,3,2612.01,7836.03,2024-02-12,Bengaluru,delivered
403,161,135,3,1596.02,4788.06,2025-01-11,Delhi,cancelled
404,137,128,1,1141.96,1141.96,2024-02-10,Mumbai,delivered
405,43,159,3,262.63,787.89,2024-06-18,Bengaluru,delivered
406,176,181,1,1589.34,1589.34,2024-07-30,Chennai,delivered
407,39,101,4,3300.5,13202.0,2025-05-07,Hyderabad,delivered
408,170,100,2,4697.69,9395.38,2024-02-08,Pune,cancelled
409,26,146,2,4368.9,8737.8,2025-01-03,Delhi,processing
410,99,168,3,3853.72,11561.16,2024-05-30,Pune,processing
411,50,119,1,3963.39,3963.39,2024-04-20,Hyderabad,processing
412,153,110,1,3358.43,3358.43,2025-04-24,Kolkata,processing
413,152,101,3,1375.41,4126.23,2025-03-11,Kolkata,processing
414,13,166,1,4545.26,4545.26,2024-02-16,Pune,processing
415,60,186,4,3386.59,13546.36,2025-07-28,Chennai,cancelled
416,135,111,2,2846.16,5692.32,2024-12-31,Bengaluru,delivered
417,57,119,3,643.85,1931.55,2024-03-09,Chennai,processing
418,36,104,3,2290.57,6871.71,2024-10-25,Pune,cancelled
419,173,136,1,2355.76,2355.76,2024-10-22,Chennai,processing
420,20,137,3,4336.36,13009.08,2024-07-21,Hyderabad,processing
421,65,193,4,2778.58,11114.32,2024-03-01,Delhi,delivered
422,8,108,1,1963.96,1963.96,2024-11-09,Chennai,delivered
423,144,197,1,4886.32,4886.32,2024-06-09,Hyderabad,delivered
424,142,152,1,642.53,642.53,2024-11-26,Delhi,processing
425,115,143,1,2170.49,2170.49,2025-06-11,Kolkata,processing
426,143,198,4,305.92,1223.68,2024-12-03,Bengaluru,processing
427,92,185,1,3725.53,3725.53,2024-10-30,Pune,delivered
428,98,123,3,4598.58,13795.74,2025-05-17,Kolkata,cancelled
429,66,180,4,1472.18,5888.72,2024-12-03,Bengaluru,processing
430,32,173,2,4305.87,8611.74,2025-07-03,Kolkata,processing
431,191,129,2,1531.87,3063.74,2024-10-01,Mumbai,processing
432,86,158,3,4562.77,13688.31,2024-06-12,Kolkata,cancelled
433,51,186,3,3794.41,11383.23,2025-03-18,Hyderabad,processing
434,153,195,4,4044.04,16176.16,2024-11-14,Delhi,cancelled
435,186,180,2,188.23,376.46,2025-08-11,Kolkata,processing
436,63,180,2,4817.77,9635.54,2025-05-18,Chennai,cancelled
437,190,113,2,3660.69,7321.38,2025-01-21,Bengaluru,processing
438,125,108,2,1593.28,3186.56,2025-05-08,Kolkata,delivered
439,150,139,2,4164.03,8328.06,2025-05-04,Delhi,delivered
440,58,165,1,1479.45,1479.45,2024-03-13,Hyderabad,delivered
441,58,124,3,4376.49,13129.47,2025-05-23,Mumbai,delivered
442,86,172,1,651.64,651.64,2025-01-24,Bengaluru,processing
443,49,121,2,3548.06,7096.12,2024-10-21,Pune,delivered
444,180,103,4,2749.42,10997.68,2025-01-03,Delhi,cancelled
445,170,125,4,573.02,2292.08,2025-07-02,Pune,delivered
446,70,157,2,1285.28,2570.56,2025-07-21,Delhi,delivered
447,15,128,2,160.78,321.56,2024-07-05,Delhi,delivered
448,54,197,4,2396.96,9587.84,2025-03-20,Hyderabad,processing
449,188,186,1,1576.2,1576.2,2025-07-23,Hyderabad,delivered
450,101,136,1,3031.95,3031.95,2024-12-28,Hyderabad,cancelled
451,8,174,2,1556.47,3112.94,2024-05-02,Kolkata,delivered
452,53,169,1,1569.6,1569.6,2024-07-06,Chennai,delivered
453,60,117,4,3741.65,14966.6,2025-02-23,Delhi,delivered
454,108,184,1,335.9,335.9,2024-09-08,Bengaluru,cancelled
455,5,141,2,4524.19,9048.38,2025-07-02,Pune,delivered
456,103,199,4,4276.09,17104.36,2024-11-30,Hyderabad,cancelled
457,196,140,1,3372.24,3372.24,2024-04-01,Kolkata,cancelled
458,6,137,3,3006.79,9020.37,2025-06-13,Hyderabad,delivered
459,109,133,4,4472.28,17889.12,2024-03-03,Pune,cancelled
460,116,116,4,1008.12,4032.48,2025-05-26,Pune,processing
461,94,136,3,486.95,1460.85,2024-05-18,Delhi,delivered
462,47,124,3,1273.6,3820.8,2024-07-03,Hyderabad,delivered
463,99,175,4,3993.43,15973.72,2024-07-23,Pune,cancelled
464,55,186,3,269.88,809.64,2024-08-01,Chennai,cancelled
465,168,185,2,2955.75,5911.5,2024-09-12,Chennai,delivered
466,52,184,2,4977.64,9955.28,2024-05-14,Hyderabad,processing
467,144,126,2,4292.91,8585.82,2025-07-26,Kolkata,cancelled
468,13,156,4,2655.08,10620.32,2024-03-28,Pune,cancelled
469,114,130,3,411.84,1235.52,2024-07-25,Delhi,processing
470,124,105,3,4173.73,12521.19,2024-05-08,Delhi,processing
471,106,190,1,3034.99,3034.99,2024-01-03,Kolkata,delivered
472,158,139,1,663.17,663.17,2024-04-30,Delhi,processing
473,147,197,3,559.9,1679.7,2025-01-19,Mumbai,delivered
474,145,111,3,4557.17,13671.51,2024-02-07,Hyderabad,processing
475,120,152,3,3379.08,10137.24,2024-12-06,Delhi,cancelled
476,63,170,4,4163.51,16654.04,2024-01-21,Chennai,delivered
477,19,109,3,4407.0,13221.0,2024-08-29,Pune,delivered
478,92,144,1,2901.68,2901.68,2025-03-30,Bengaluru,delivered
479,58,116,4,2635.49,10541.96,2024-10-29,Kolkata,processing
480,183,125,3,2209.09,6627.27,2025-08-18,Bengaluru,cancelled
481,90,184,1,1653.04,1653.04,2025-08-17,Delhi,delivered
482,117,191,4,2229.52,8918.08,2024-03-09,Bengaluru,delivered
483,62,161,3,3892.01,11676.03,2024-05-08,Bengaluru,delivered
484,23,145,3,3049.42,9148.26,2024-07-14,Mumbai,delivered
485,127,163,3,4473.36,13420.08,2024-05-19,Chennai,cancelled
486,137,101,4,2272.56,9090.24,2025-03-19,Kolkata,processing
487,140,153,1,3074.74,3074.74,2024-10-09,Chennai,cancelled
488,129,164,1,3193.41,3193.41,2024-11-07,Mumbai,delivered
489,58,150,2,2999.32,5998.64,2025-06-18,Mumbai,cancelled
490,122,152,3,3542.91,10628.73,2024-10-03,Bengaluru,delivered
491,1,135,2,1263.42,2526.84,2024-03-01,Hyderabad,processing
492,34,125,2,2610.58,5221.16,2024-11-14,Pune,processing
493,96,128,1,610.7,610.7,2024-02-21,Pune,processing
494,126,120,4,1984.11,7936.44,2024-06-01,Bengaluru,delivered
495,118,110,4,2489.57,9958.28,2024-11-06,Pune,cancelled
496,48,139,1,3295.9,3295.9,2025-06-27,Mumbai,processing
497,89,110,4,4757.6,19030.4,2025-07-20,Chennai,delivered
498,117,135,2,3043.19,6086.38,2025-01-23,Pune,delivered
499,129,158,3,3743.61,11230.83,2025-07-01,Kolkata,cancelled
500,16,138,1,2580.7,2580.7,2024-06-25,Bengaluru,processing
501,189,198,3,3207.11,9621.33,2024-12-27,Hyderabad,delivered
502,192,153,4,447.57,1790.28,2024-11-09,Bengaluru,cancelled
503,191,197,3,1346.52,4039.56,2024-04-06,Delhi,processing
504,69,154,4,1873.08,7492.32,2024-07-31,Bengaluru,cancelled
505,22,123,4,2415.22,9660.88,2024-05-16,Mumbai,cancelled
506,93,121,2,323.68,647.36,2024-01-06,Chennai,delivered
507,195,168,4,786.12,3144.48,2024-04-18,Chennai,delivered
508,76,155,2,1456.39,2912.78,2025-06-30,Kolkata,delivered
509,154,132,2,4860.51,9721.02,2024-02-08,Pune,cancelled
510,144,135,2,1723.6,3447.2,2025-02-28,Mumbai,delivered
511,179,119,1,2462.0,2462.0,2024-09-17,Delhi,cancelled
512,86,182,1,1060.88,1060.88,2025-03-01,Mumbai,cancelled
513,185,198,4,3092.82,12371.28,2024-03-27,Bengaluru,delivered
514,29,180,2,1475.35,2950.7,2025-04-09,Mumbai,processing
515,69,161,1,1114.26,1114.26,2024-03-16,Mumbai,processing
516,47,197,2,2631.21,5262.42,2025-04-15,Kolkata,processing
517,94,172,3,126.98,380.94,2025-02-17,Delhi,cancelled
518,190,125,3,137.55,412.65,2025-04-01,Bengaluru,cancelled
519,197,165,3,1173.44,3520.32,2024-10-11,Hyderabad,cancelled
520,144,172,4,279.93,1119.72,2024-08-26,Kolkata,delivered
521,176,172,2,629.33,1258.66,2025-08-21,Hyderabad,cancelled
522,85,139,3,1760.42,5281.26,2025-07-11,Kolkata,delivered
523,39,116,1,4032.67,4032.67,2025-01-06,Chennai,delivered
524,100,100,3,2903.04,8709.12,2025-05-09,Kolkata,processing
525,33,188,3,2612.07,7836.21,2024-02-14,Pune,processing
526,101,160,3,1538.1,4614.3,2025-02-04,Mumbai,processing
527,23,142,4,4665.59,18662.36,2024-09-03,Chennai,delivered
528,10,141,1,2045.37,2045.37,2025-08-19,Delhi,delivered
529,69,124,2,526.75,1053.5,2025-03-25,Hyderabad,delivered
530,100,138,1,3123.63,3123.63,2025-04-29,Kolkata,cancelled
531,34,134,2,657.81,1315.62,2024-01-18,Mumbai,delivered
532,180,102,4,1791.59,7166.36,2024-10-15,Delhi,processing
533,138,143,4,2586.32,10345.28,2025-02-17,Pune,processing
534,147,150,4,4383.69,17534.76,2024-08-22,Delhi,delivered
535,186,193,4,2518.38,10073.52,2025-02-19,Mumbai,delivered
536,96,197,2,3541.07,7082.14,2025-05-13,Pune,processing
537,1,111,3,4964.8,14894.4,2024-04-24,Delhi,delivered
538,69,118,2,744.3,1488.6,2024-08-21,Pune,processing
539,4,143,1,1446.18,1446.18,2025-06-23,Kolkata,cancelled
540,16,158,4,2033.42,8133.68,2024-01-11,Kolkata,processing
541,24,148,4,2166.96,8667.84,2024-07-24,Mumbai,cancelled
542,80,160,1,2114.0,2114.0,2024-09-03,Mumbai,delivered
543,2,116,2,4547.29,9094.58,2025-07-12,Pune,delivered
544,128,173,3,3598.76,10796.28,2024-05-06,Bengaluru,cancelled
545,160,156,3,3078.74,9236.22,2024-05-26,Chennai,delivered
546,84,154,1,1615.93,1615.93,2024-04-27,Delhi,cancelled
547,152,146,3,4136.57,12409.71,2025-01-16,Delhi,delivered
548,140,111,2,4779.8,9559.6,2025-02-15,Bengaluru,processing
549,178,161,2,4123.87,8247.74,2025-08-06,Bengaluru,delivered
550,163,179,1,107.67,107.67,2024-12-28,Bengaluru,processing
551,124,187,2,3218.37,6436.74,2025-05-23,Hyderabad,processing
552,33,182,4,350.56,1402.24,2024-05-16,Hyderabad,cancelled
553,161,107,1,1362.28,1362.28,2024-06-23,Pune,delivered
554,189,194,2,391.67,783.34,2024-10-15,Hyderabad,cancelled
555,179,120,1,3058.6,3058.6,2025-04-25,Kolkata,delivered
556,171,180,3,3464.29,10392.87,2024-01-19,Kolkata,processing
557,101,186,2,660.99,1321.98,2024-07-13,Mumbai,processing
558,12,179,4,1980.81,7923.24,2024-11-25,Pune,delivered
559,67,169,2,2335.56,4671.12,2024-06-23,Delhi,delivered
560,65,171,1,1908.36,1908.36,2025-03-24,Chennai,cancelled
561,161,124,1,693.02,693.02,2024-12-19,Mumbai,delivered
562,168,181,2,2152.84,4305.68,2025-05-13,Delhi,delivered
563,74,188,4,3780.77,15123.08,2024-05-20,Delhi,delivered
564,43,111,4,447.94,1791.76,2024-04-02,Pune,cancelled
565,44,114,4,492.88,1971.52,2024-08-26,Bengaluru,delivered
566,29,158,1,1838.38,1838.38,2024-07-23,Bengaluru,processing
567,141,125,2,4714.46,9428.92,2025-07-13,Mumbai,cancelled
568,12,125,3,3376.01,10128.03,2025-03-08,Bengaluru,cancelled
569,95,146,1,3425.48,3425.48,2024-09-01,Delhi,processing
570,46,131,4,1873.41,7493.64,2024-11-12,Bengaluru,processing
571,130,109,2,3008.94,6017.88,2024-10-21,Hyderabad,processing
572,35,115,4,149.64,598.56,2024-10-08,Bengaluru,delivered
573,81,170,3,3216.87,9650.61,2024-01-17,Delhi,processing
574,90,116,4,4575.11,18300.44,2024-03-11,Pune,delivered
575,8,122,4,3101.61,12406.44,2024-09-25,Mumbai,cancelled
576,93,125,3,4381.12,13143.36,2024-11-20,Chennai,cancelled
577,154,184,2,3647.47,7294.94,2024-10-31,Bengaluru,processing
578,90,185,1,690.74,690.74,2025-03-26,Kolkata,delivered
579,162,106,2,4522.02,9044.04,2024-01-07,Kolkata,processing
580,115,113,3,425.57,1276.71,2024-11-09,Delhi,processing
581,105,178,4,2716.44,10865.76,2024-04-12,Chennai,delivered
582,135,106,2,796.47,1592.94,2024-07-11,Chennai,processing
583,196,108,1,157.36,157.36,2025-07-27,Hyderabad,cancelled
584,58,147,3,2167.97,6503.91,2025-06-12,Chennai,processing
585,114,171,2,1545.7,3091.4,2024-06-19,Kolkata,delivered
586,75,158,1,2481.4,2481.4,2025-06-20,Pune,delivered
587,157,186,3,2928.28,8784.84,2024-09-07,Delhi,cancelled
588,120,192,1,314.32,314.32,2025-01-21,Delhi,delivered
589,164,181,3,702.72,2108.16,2024-07-25,Bengaluru,delivered
590,21,194,4,2837.35,11349.4,2025-06-24,Bengaluru,cancelled
591,164,193,2,1781.52,3563.04,2025-02-19,Bengaluru,processing
592,138,138,1,3672.95,3672.95,2025-01-14,Kolkata,cancelled
593,101,198,3,3296.23,9888.69,2024-05-23,Kolkata,processing
594,152,117,1,4243.46,4243.46,2024-01-25,Kolkata,cancelled
595,192,158,1,3493.21,3493.21,2024-03-13,Kolkata,processing
596,177,116,2,2206.66,4413.32,2024-04-02,Kolkata,cancelled
597,99,113,4,3397.54,13590.16,2025-05-19,Kolkata,processing
598,36,130,1,1449.37,1449.37,2025-08-20,Pune,cancelled
599,96,123,3,1600.94,4802.82,2024-12-01,Kolkata,processing
600,152,198,3,3966.03,11898.09,2025-02-28,Chennai,cancelled
601,151,159,4,2287.46,9149.84,2025-05-13,Chennai,delivered
602,190,144,3,4012.06,12036.18,2024-12-29,Hyderabad,processing
603,37,197,4,4129.87,16519.48,2024-07-17,Pune,cancelled
604,12,102,3,4302.06,12906.18,2025-02-16,Bengaluru,processing
605,113,136,2,4591.51,9183.02,2024-12-04,Mumbai,processing
606,183,142,1,2211.83,2211.83,2025-03-04,Kolkata,cancelled
607,13,139,2,1662.45,3324.9,2024-05-18,Hyderabad,processing
608,23,189,1,2952.77,2952.77,2025-06-25,Mumbai,cancelled
609,99,154,1,1918.74,1918.74,2024-02-26,Chennai,delivered
610,105,186,1,3045.26,3045.26,2024-08-19,Hyderabad,processing
611,30,138,2,3557.37,7114.74,2025-03-10,Hyderabad,delivered
612,17,114,1,3473.18,3473.18,2025-01-18,Delhi,processing
613,113,103,2,1935.31,3870.62,2025-07-13,Chennai,processing
614,62,192,4,917.61,3670.44,2024-07-12,Chennai,processing
615,84,185,3,2209.59,6628.77,2025-06-17,Pune,cancelled
616,112,124,3,798.71,2396.13,2025-06-01,Hyderabad,delivered
617,86,112,1,4461.48,4461.48,2024-07-03,Kolkata,processing
618,141,181,2,1794.8,3589.6,2024-10-18,Chennai,cancelled
619,187,132,3,856.85,2570.55,2024-11-30,Hyderabad,processing
620,19,115,2,224.69,449.38,2024-04-25,Pune,cancelled
621,177,141,2,3264.53,6529.06,2024-02-18,Kolkata,processing
622,100,165,1,3220.82,3220.82,2024-03-22,Pune,delivered
623,140,154,3,1768.96,5306.88,2024-11-28,Delhi,delivered
624,189,198,1,451.39,451.39,2025-07-10,Kolkata,processing
625,147,141,1,2107.18,2107.18,2024-11-30,Hyderabad,cancelled
626,76,133,3,1624.97,4874.91,2025-06-15,Chennai,processing
627,9,129,3,3417.89,10253.67,2024-08-08,Chennai,cancelled
628,199,112,4,3068.32,12273.28,2024-11-18,Hyderabad,processing
629,28,112,4,1886.51,7546.04,2024-01-03,Hyderabad,cancelled
630,128,117,2,1167.67,2335.34,2024-07-24,Hyderabad,delivered
631,52,131,3,4941.38,14824.14,2024-02-09,Bengaluru,processing
632,83,195,4,2324.61,9298.44,2024-02-28,Kolkata,delivered
633,111,198,2,3472.54,6945.08,2025-07-27,Chennai,delivered
634,144,138,2,788.71,1577.42,2025-05-21,Kolkata,processing
635,117,145,2,2479.39,4958.78,2025-07-25,Pune,processing
636,69,128,4,234.93,939.72,2024-05-01,Chennai,cancelled
637,99,161,3,2576.73,7730.19,2025-04-23,Bengaluru,cancelled
638,140,192,1,4823.69,4823.69,2024-04-05,Hyderabad,delivered
639,25,161,2,1982.61,3965.22,2025-02-17,Delhi,cancelled
640,180,156,4,291.08,1164.32,2024-08-22,Hyderabad,cancelled
641,123,115,4,251.68,1006.72,2024-03-02,Hyderabad,processing
642,53,155,1,2001.14,2001.14,2024-09-12,Bengaluru,cancelled
643,151,109,1,884.12,884.12,2025-07-14,Kolkata,delivered
644,144,129,4,214.43,857.72,2024-12-13,Chennai,cancelled
645,57,124,3,3805.45,11416.35,2024-05-03,Hyderabad,delivered
646,39,183,1,2346.76,2346.76,2025-04-26,Chennai,processing
647,109,104,4,1517.3,6069.2,2024-11-12,Mumbai,delivered
648,181,164,1,4510.41,4510.41,2025-05-18,Pune,cancelled
649,42,193,3,669.08,2007.24,2024-02-17,Kolkata,processing
650,186,148,2,4784.0,9568.0,2025-02-12,Chennai,cancelled
651,167,102,1,1638.44,1638.44,2024-05-15,Delhi,processing
652,142,144,3,4453.18,13359.54,2024-07-19,Pune,processing
653,122,113,4,3054.42,12217.68,2024-09-06,Delhi,cancelled
654,133,129,1,4150.87,4150.87,2024-11-09,Hyderabad,cancelled
655,163,167,1,4921.66,4921.66,2025-01-02,Pune,processing
656,75,117,4,1513.19,6052.76,2025-03-04,Chennai,processing
657,146,161,2,4809.56,9619.12,2025-04-24,Pune,cancelled
658,76,136,4,2008.46,8033.84,2024-11-09,Hyderabad,delivered
659,9,124,1,1989.01,1989.01,2025-05-14,Bengaluru,cancelled
660,74,147,4,1767.9,7071.6,2024-12-20,Kolkata,processing
661,186,164,3,2752.9,8258.7,2025-04-29,Delhi,cancelled
662,145,152,4,855.31,3421.24,2024-07-29,Hyderabad,delivered
663,7,178,1,2813.19,2813.19,2024-02-13,Bengaluru,cancelled
664,174,172,4,2754.35,11017.4,2025-06-24,Pune,processing
665,141,114,2,3833.32,7666.64,2025-07-24,Pune,cancelled
666,168,148,4,4184.88,16739.52,2025-08-05,Hyderabad,processing
667,170,187,2,2258.16,4516.32,2024-04-01,Chennai,processing
668,137,167,3,1581.43,4744.29,2024-09-21,Pune,cancelled
669,178,111,2,1370.74,2741.48,2024-08-07,Chennai,processing
670,27,158,4,1053.66,4214.64,2025-03-17,Chennai,processing
671,122,136,1,382.47,382.47,2025-02-04,Kolkata,delivered
672,194,160,2,1778.0,3556.0,2025-02-03,Chennai,delivered
673,5,142,3,1424.21,4272.63,2025-07-29,Mumbai,delivered
674,29,169,2,4835.45,9670.9,2025-05-04,Kolkata,delivered
675,165,138,2,2832.77,5665.54,2025-04-29,Bengaluru,processing
676,166,155,2,1801.66,3603.32,2025-04-14,Bengaluru,cancelled
677,83,162,3,2944.29,8832.87,2025-07-27,Pune,processing
678,136,145,4,782.06,3128.24,2025-03-20,Pune,processing
679,109,187,2,2275.81,4551.62,2024-09-25,Chennai,processing
680,65,110,2,3168.55,6337.1,2024-09-23,Kolkata,cancelled
681,86,161,1,2495.6,2495.6,2024-02-23,Kolkata,delivered
682,145,176,3,2068.72,6206.16,2025-06-11,Mumbai,processing
683,71,197,2,4969.86,9939.72,2025-06-03,Chennai,processing
684,45,124,3,4413.54,13240.62,2024-02-28,Mumbai,delivered
685,132,170,2,3154.69,6309.38,2024-02-09,Chennai,processing
686,36,151,4,2889.95,11559.8,2024-08-24,Delhi,cancelled
687,70,103,4,3141.24,12564.96,2025-01-20,Delhi,processing
688,159,158,2,1086.43,2172.86,2024-10-26,Hyderabad,processing
689,19,171,4,2036.17,8144.68,2025-01-29,Chennai,delivered
690,189,119,2,293.35,586.7,2024-07-25,Kolkata,processing
691,108,192,4,2430.18,9720.72,2024-12-01,Pune,processing
692,182,162,1,2760.82,2760.82,2025-08-15,Bengaluru,cancelled
693,167,153,1,1215.97,1215.97,2025-05-28,Hyderabad,delivered
694,91,173,1,4823.74,4823.74,2024-06-26,Pune,delivered
695,90,197,3,4556.33,13668.99,2025-01-30,Delhi,cancelled
696,19,156,3,3638.5,10915.5,2025-01-05,Chennai,processing
697,39,189,1,2713.59,2713.59,2024-11-13,Hyderabad,delivered
698,126,140,3,4362.85,13088.55,2025-01-03,Chennai,delivered
699,195,102,4,740.2,2960.8,2025-01-18,Delhi,processing
700,173,105,2,3973.5,7947.0,2024-03-02,Hyderabad,processing
701,141,104,2,711.62,1423.24,2025-05-19,Delhi,delivered
702,126,104,2,3991.63,7983.26,2024-08-26,Mumbai,processing
703,58,153,1,1451.26,1451.26,2024-07-13,Delhi,delivered
704,148,146,3,4397.74,13193.22,2024-08-09,Kolkata,processing
705,200,186,4,4725.81,18903.24,2024-03-01,Kolkata,processing
706,61,148,4,829.1,3316.4,2024-05-08,Chennai,cancelled
707,127,108,1,2367.11,2367.11,2024-06-04,Bengaluru,processing
708,105,198,4,4906.84,19627.36,2025-01-12,Delhi,cancelled
709,167,119,4,2468.7,9874.8,2025-08-08,Pune,processing
710,1,160,4,4331.38,17325.52,2025-03-12,Kolkata,delivered
711,131,134,4,2984.78,11939.12,2024-07-25,Bengaluru,delivered
712,92,149,3,1939.12,5817.36,2025-01-22,Mumbai,processing
713,190,181,4,1500.34,6001.36,2025-04-24,Hyderabad,processing
714,191,161,2,1095.79,2191.58,2024-12-05,Hyderabad,delivered
715,113,116,1,3832.81,3832.81,2024-12-05,Kolkata,processing
716,153,187,3,1994.05,5982.15,2024-07-22,Bengaluru,cancelled
717,56,102,4,2605.25,10421.0,2024-06-09,Kolkata,cancelled
718,161,131,3,2512.39,7537.17,2025-06-23,Hyderabad,cancelled
719,166,198,4,2928.67,11714.68,2025-01-26,Delhi,cancelled
720,117,112,2,4341.33,8682.66,2025-07-28,Bengaluru,cancelled
721,134,188,1,4905.62,4905.62,2025-06-17,Chennai,processing
722,58,172,4,2097.16,8388.64,2024-03-10,Delhi,processing
723,44,167,4,4154.84,16619.36,2025-02-08,Delhi,cancelled
724,173,113,4,3846.19,15384.76,2025-08-13,Delhi,processing
725,160,197,4,2910.29,11641.16,2025-05-31,Chennai,processing
726,173,110,1,4784.63,4784.63,2024-04-29,Mumbai,cancelled
727,61,155,1,1082.33,1082.33,2024-08-04,Pune,processing
728,47,166,2,635.39,1270.78,2024-02-25,Kolkata,processing
729,149,191,1,4284.41,4284.41,2024-12-31,Hyderabad,processing
730,80,128,4,2251.83,9007.32,2025-05-18,Kolkata,cancelled
731,118,108,2,4250.15,8500.3,2025-03-30,Bengaluru,processing
732,164,166,2,4476.14,8952.28,2024-04-13,Mumbai,delivered
733,147,124,2,406.04,812.08,2024-03-17,Bengaluru,delivered
734,20,197,4,4428.98,17715.92,2024-08-17,Kolkata,cancelled
735,185,175,3,2296.76,6890.28,2024-09-14,Hyderabad,delivered
736,146,141,4,2601.12,10404.48,2024-09-20,Chennai,cancelled
737,47,108,1,3170.3,3170.3,2024-11-26,Kolkata,delivered
738,49,178,1,4639.27,4639.27,2024-06-30,Delhi,delivered
739,14,139,4,193.67,774.68,2025-07-03,Kolkata,delivered
740,143,124,4,2436.53,9746.12,2024-01-27,Delhi,cancelled
741,159,104,2,3469.84,6939.68,2024-10-02,Chennai,cancelled
742,1,110,4,3641.26,14565.04,2024-10-25,Kolkata,processing
743,117,158,2,3493.41,6986.82,2024-03-31,Mumbai,cancelled
744,54,197,1,758.73,758.73,2025-04-24,Mumbai,delivered
745,118,187,2,1567.04,3134.08,2025-07-26,Bengaluru,delivered
746,3,178,4,1857.71,7430.84,2025-04-02,Chennai,cancelled
747,144,137,1,4041.74,4041.74,2025-03-26,Mumbai,cancelled
748,185,171,3,1465.92,4397.76,2024-12-30,Kolkata,cancelled
749,12,104,2,1132.45,2264.9,2024-12-16,Chennai,processing
750,74,147,1,4791.5,4791.5,2025-02-03,Hyderabad,delivered
751,16,189,2,143.43,286.86,2024-09-09,Delhi,processing
752,200,117,1,4989.32,4989.32,2025-04-03,Kolkata,processing
753,102,169,1,3416.42,3416.42,2025-05-13,Delhi,delivered
754,152,136,2,4159.5,8319.0,2025-05-22,Delhi,delivered
755,156,159,3,1543.64,4630.92,2024-10-30,Chennai,cancelled
756,117,147,1,170.14,170.14,2025-05-15,Chennai,cancelled
757,8,176,1,3715.56,3715.56,2025-08-20,Bengaluru,processing
758,122,127,1,4187.31,4187.31,2024-06-14,Delhi,cancelled
759,92,168,3,3728.33,11184.99,2025-02-18,Bengaluru,cancelled
760,164,176,3,799.97,2399.91,2025-04-06,Delhi,delivered
761,90,180,4,3791.8,15167.2,2024-04-23,Bengaluru,delivered
762,136,139,2,3867.72,7735.44,2025-03-08,Bengaluru,cancelled
763,186,144,3,3326.85,9980.55,2024-12-21,Hyderabad,delivered
764,60,195,2,3853.97,7707.94,2024-07-25,Bengaluru,cancelled
765,178,161,4,4245.02,16980.08,2024-08-22,Chennai,delivered
766,28,192,2,3106.66,6213.32,2025-03-17,Bengaluru,delivered
767,101,157,3,534.16,1602.48,2024-12-20,Delhi,delivered
768,41,166,2,2489.38,4978.76,2025-05-29,Bengaluru,delivered
769,192,155,3,480.48,1441.44,2024-07-26,Mumbai,cancelled
770,155,139,2,2096.96,4193.92,2024-05-04,Pune,processing
771,191,197,3,2094.82,6284.46,2024-05-17,Delhi,delivered
772,145,139,3,423.45,1270.35,2024-12-04,Mumbai,cancelled
773,161,190,2,1809.22,3618.44,2025-06-20,Delhi,cancelled
774,157,176,4,643.89,2575.56,2024-03-08,Chennai,delivered
775,141,132,1,4060.35,4060.35,2025-07-26,Pune,processing
776,46,105,4,4743.67,18974.68,2025-06-24,Pune,delivered
777,35,187,2,454.35,908.7,2025-01-17,Chennai,cancelled
778,134,118,4,4780.06,19120.24,2024-01-19,Pune,processing
779,82,179,3,2660.63,7981.89,2025-03-25,Chennai,cancelled
780,115,139,1,1567.87,1567.87,2024-03-14,Mumbai,delivered
781,197,191,2,476.62,953.24,2025-07-26,Hyderabad,processing
782,47,196,2,2553.06,5106.12,2024-10-02,Delhi,cancelled
783,153,158,2,3993.13,7986.26,2024-02-17,Chennai,cancelled
784,194,158,1,3564.72,3564.72,2024-07-29,Delhi,cancelled
785,10,147,3,346.11,1038.33,2025-06-23,Mumbai,delivered
786,56,140,2,457.22,914.44,2024-07-09,Hyderabad,processing
787,30,112,4,2074.08,8296.32,2024-11-10,Mumbai,delivered
788,109,144,2,1546.92,3093.84,2025-07-16,Pune,delivered
789,5,188,2,1238.68,2477.36,2025-07-15,Delhi,delivered
790,119,152,2,1476.92,2953.84,2024-04-22,Kolkata,processing
791,33,141,2,4037.07,8074.14,2024-06-18,Hyderabad,delivered
792,118,199,3,4653.22,13959.66,2025-04-12,Pune,delivered
793,65,162,4,2085.0,8340.0,2024-01-14,Hyderabad,delivered
794,146,126,3,4539.94,13619.82,2024-10-14,Pune,delivered
795,177,137,4,1675.33,6701.32,2024-07-07,Mumbai,cancelled
796,11,159,2,2434.54,4869.08,2024-06-03,Chennai,delivered
797,85,106,1,1207.54,1207.54,2025-07-20,Delhi,cancelled
798,26,104,3,3238.33,9714.99,2025-04-15,Bengaluru,delivered
799,63,144,1,4897.01,4897.01,2024-03-15,Bengaluru,processing
800,86,157,3,3057.12,9171.36,2024-10-03,Mumbai,cancelled
801,59,130,2,1853.29,3706.58,2024-12-08,Delhi,cancelled
802,27,122,3,3274.31,9822.93,2025-02-28,Delhi,cancelled
803,177,141,2,702.31,1404.62,2025-07-24,Mumbai,cancelled
804,161,109,3,4454.43,13363.29,2025-05-25,Delhi,processing
805,98,131,2,2565.11,5130.22,2024-06-30,Chennai,delivered
806,105,152,2,2301.81,4603.62,2025-04-02,Mumbai,cancelled
807,99,129,4,2970.74,11882.96,2024-03-04,Chennai,processing
808,129,138,2,3161.44,6322.88,2024-09-16,Delhi,cancelled
809,149,130,4,451.7,1806.8,2024-07-11,Mumbai,delivered
810,55,181,2,3444.82,6889.64,2025-02-09,Delhi,cancelled
811,6,199,1,1285.47,1285.47,2024-04-02,Mumbai,processing
812,197,101,2,3598.37,7196.74,2025-03-05,Delhi,delivered
813,95,177,1,4130.42,4130.42,2025-03-09,Chennai,processing
814,133,176,1,4039.4,4039.4,2025-02-07,Kolkata,delivered
815,102,192,2,2807.25,5614.5,2025-03-09,Chennai,delivered
816,3,111,1,2648.83,2648.83,2024-04-21,Delhi,delivered
817,181,138,4,800.09,3200.36,2025-01-09,Mumbai,cancelled
818,23,165,3,3899.2,11697.6,2024-02-28,Bengaluru,processing
819,53,195,2,1429.91,2859.82,2024-02-12,Chennai,processing
820,165,112,1,2533.81,2533.81,2024-07-25,Chennai,processing
821,83,145,2,1492.94,2985.88,2024-10-22,Pune,delivered
822,145,126,4,755.76,3023.04,2024-04-27,Bengaluru,cancelled
823,85,116,2,3184.83,6369.66,2025-06-15,Delhi,delivered
824,78,194,2,366.23,732.46,2024-08-09,Kolkata,processing
825,110,197,1,3768.36,3768.36,2024-06-14,Mumbai,cancelled
826,1,159,4,1656.18,6624.72,2024-06-04,Pune,cancelled
827,51,163,3,100.66,301.98,2024-07-02,Delhi,cancelled
828,173,187,3,2604.53,7813.59,2024-03-30,Hyderabad,processing
829,4,134,1,329.57,329.57,2024-04-03,Kolkata,cancelled
830,190,169,2,1453.23,2906.46,2024-01-13,Chennai,cancelled
831,193,182,1,3564.18,3564.18,2025-03-13,Hyderabad,delivered
832,113,129,1,407.18,407.18,2025-06-21,Chennai,delivered
833,32,170,1,4212.76,4212.76,2025-08-09,Chennai,cancelled
834,34,173,2,118.72,237.44,2024-05-29,Hyderabad,cancelled
835,92,195,4,1309.44,5237.76,2024-01-08,Kolkata,delivered
836,95,197,1,3730.43,3730.43,2024-01-29,Hyderabad,delivered
837,72,162,2,1649.72,3299.44,2024-10-22,Delhi,delivered
838,39,127,4,599.27,2397.08,2024-12-05,Pune,processing
839,154,159,1,1865.15,1865.15,2025-03-14,Pune,processing
840,162,178,3,1424.93,4274.79,2024-05-23,Hyderabad,delivered
841,182,193,4,4229.29,16917.16,2025-06-02,Delhi,cancelled
842,118,136,1,1635.4,1635.4,2024-02-14,Pune,delivered
843,3,192,4,3965.77,15863.08,2024-08-26,Delhi,processing
844,123,121,4,4470.17,17880.68,2024-06-03,Delhi,cancelled
845,50,167,4,2225.71,8902.84,2024-06-29,Chennai,processing
846,12,119,4,4558.72,18234.88,2024-08-02,Pune,cancelled
847,193,195,4,1948.86,7795.44,2024-03-28,Pune,processing
848,54,199,4,4823.98,19295.92,2024-09-12,Chennai,cancelled
849,133,167,1,537.52,537.52,2025-05-25,Hyderabad,cancelled
850,57,190,3,3466.39,10399.17,2024-03-13,Chennai,cancelled
851,145,163,2,2519.69,5039.38,2024-06-27,Pune,cancelled
852,112,116,4,1999.48,7997.92,2024-07-30,Pune,processing
853,47,111,2,3200.29,6400.58,2024-08-21,Kolkata,processing
854,151,121,1,3548.9,3548.9,2025-04-09,Hyderabad,cancelled
855,85,116,4,121.38,485.52,2024-08-10,Chennai,cancelled
856,142,109,3,918.07,2754.21,2024-09-20,Mumbai,processing
857,66,164,2,3593.93,7187.86,2024-07-25,Mumbai,cancelled
858,75,121,4,3365.29,13461.16,2024-12-31,Hyderabad,cancelled
859,179,189,1,4833.63,4833.63,2024-10-02,Chennai,cancelled
860,103,181,3,3829.09,11487.27,2025-01-14,Chennai,delivered
861,166,149,2,4758.79,9517.58,2024-11-04,Delhi,cancelled
862,192,113,2,3542.45,7084.9,2024-09-24,Pune,delivered
863,38,163,4,1560.46,6241.84,2024-03-04,Bengaluru,cancelled
864,50,146,3,616.29,1848.87,2024-12-15,Kolkata,processing
865,98,128,3,3930.94,11792.82,2025-05-08,Hyderabad,delivered
866,82,175,3,3256.33,9768.99,2025-06-06,Bengaluru,delivered
867,30,135,3,336.11,1008.33,2024-04-07,Bengaluru,cancelled
868,79,198,1,1864.25,1864.25,2024-03-11,Hyderabad,cancelled
869,91,151,3,4788.32,14364.96,2024-12-29,Chennai,delivered
870,179,175,2,2551.97,5103.94,2025-07-23,Hyderabad,processing
871,191,106,2,2220.37,4440.74,2024-10-02,Bengaluru,processing
872,52,128,1,2342.73,2342.73,2024-02-19,Pune,cancelled
873,166,110,2,1123.53,2247.06,2024-12-23,Kolkata,processing
874,79,132,2,1906.67,3813.34,2025-07-17,Kolkata,processing
875,30,105,3,1912.08,5736.24,2025-04-29,Pune,cancelled
876,106,178,2,356.54,713.08,2024-03-24,Pune,processing
877,51,131,1,3861.08,3861.08,2025-08-06,Chennai,cancelled
878,81,150,3,2140.87,6422.61,2024-10-22,Mumbai,delivered
879,133,174,4,4128.68,16514.72,2024-08-23,Hyderabad,cancelled
880,29,157,3,4266.71,12800.13,2024-02-25,Kolkata,delivered
881,132,186,1,1138.77,1138.77,2024-12-25,Pune,delivered
882,138,125,3,3321.03,9963.09,2024-04-19,Hyderabad,processing
883,184,197,3,2414.18,7242.54,2024-07-10,Kolkata,processing
884,145,145,1,4412.77,4412.77,2024-04-02,Pune,processing
885,74,197,3,1157.13,3471.39,2025-07-21,Kolkata,cancelled
886,17,128,1,3421.28,3421.28,2024-02-29,Chennai,processing
887,84,103,1,3077.99,3077.99,2024-02-08,Mumbai,delivered
888,69,180,4,1546.98,6187.92,2025-06-23,Mumbai,processing
889,34,198,2,769.34,1538.68,2024-02-18,Pune,processing
890,6,112,2,3293.03,6586.06,2025-02-23,Kolkata,cancelled
891,53,138,3,3719.13,11157.39,2024-01-13,Chennai,cancelled
892,194,114,3,1646.57,4939.71,2024-02-05,Delhi,delivered
893,126,128,4,3259.68,13038.72,2024-04-10,Hyderabad,cancelled
894,43,128,4,2036.14,8144.56,2024-03-26,Hyderabad,processing
895,115,174,4,3594.71,14378.84,2025-05-30,Bengaluru,cancelled
896,111,131,1,1076.15,1076.15,2024-08-10,Chennai,delivered
897,151,101,4,4462.05,17848.2,2024-12-03,Kolkata,processing
898,183,146,4,1508.31,6033.24,2024-06-14,Bengaluru,delivered
899,80,177,3,1902.15,5706.45,2025-01-17,Pune,cancelled
900,95,183,4,384.65,1538.6,2025-01-10,Kolkata,cancelled
901,118,121,1,646.41,646.41,2025-04-15,Bengaluru,delivered
902,144,174,1,2627.72,2627.72,2024-01-31,Mumbai,processing
903,8,126,3,1411.2,4233.6,2025-01-09,Hyderabad,cancelled
904,132,166,4,4193.85,16775.4,2024-01-11,Kolkata,cancelled
905,104,180,4,172.0,688.0,2024-10-28,Bengaluru,processing
906,132,155,1,1957.56,1957.56,2024-04-05,Mumbai,cancelled
907,184,191,4,1752.99,7011.96,2024-07-08,Chennai,delivered
908,25,192,4,194.71,778.84,2025-03-28,Bengaluru,cancelled
909,195,120,4,709.41,2837.64,2024-07-10,Pune,cancelled
910,96,146,2,2126.85,4253.7,2025-04-30,Pune,processing
911,195,179,3,2515.04,7545.12,2024-09-22,Pune,delivered
912,155,158,2,2081.02,4162.04,2025-02-27,Kolkata,processing
913,93,183,3,2701.59,8104.77,2024-05-07,Hyderabad,cancelled
914,160,105,1,3016.15,3016.15,2024-08-25,Bengaluru,cancelled
915,178,118,4,148.63,594.52,2024-12-20,Chennai,processing
916,61,156,3,2374.07,7122.21,2024-04-21,Bengaluru,processing
917,122,168,2,4821.15,9642.3,2025-03-21,Hyderabad,processing
918,51,102,4,2643.26,10573.04,2024-12-08,Mumbai,delivered
919,147,100,1,3419.96,3419.96,2024-05-24,Hyderabad,cancelled
920,21,157,3,1628.13,4884.39,2024-03-05,Pune,processing
921,5,137,3,3892.56,11677.68,2024-09-03,Kolkata,cancelled
922,92,114,3,3887.32,11661.96,2025-05-04,Mumbai,delivered
923,170,133,4,2654.35,10617.4,2025-03-14,Kolkata,delivered
924,61,160,2,4882.47,9764.94,2024-04-15,Pune,delivered
925,22,134,2,715.2,1430.4,2024-06-29,Delhi,delivered
926,149,163,3,183.04,549.12,2024-07-02,Hyderabad,cancelled
927,70,124,1,3873.78,3873.78,2024-08-13,Hyderabad,delivered
928,1,123,1,4055.06,4055.06,2024-03-29,Chennai,delivered
929,133,111,2,689.02,1378.04,2025-06-13,Bengaluru,processing
930,12,117,1,1401.36,1401.36,2025-01-05,Mumbai,delivered
931,90,114,2,186.01,372.02,2025-02-02,Kolkata,processing
932,46,179,3,1537.21,4611.63,2024-04-15,Mumbai,delivered
933,34,126,2,3888.4,7776.8,2024-09-27,Chennai,delivered
934,177,171,2,2638.01,5276.02,2025-05-17,Chennai,processing
935,78,159,3,1805.67,5417.01,2025-06-08,Kolkata,delivered
936,45,145,1,1921.52,1921.52,2024-02-01,Bengaluru,cancelled
937,155,188,2,106.63,213.26,2025-01-27,Kolkata,cancelled
938,73,116,2,1569.02,3138.04,2024-02-09,Kolkata,delivered
939,26,192,3,3267.65,9802.95,2024-08-05,Pune,cancelled
940,47,152,1,4873.55,4873.55,2024-03-22,Bengaluru,processing
941,121,107,2,4250.6,8501.2,2024-07-19,Hyderabad,delivered
942,56,178,3,215.62,646.86,2025-03-22,Pune,delivered
943,94,126,2,4502.95,9005.9,2025-03-03,Delhi,processing
944,107,145,4,3937.67,15750.68,2024-02-07,Bengaluru,processing
945,63,149,3,3923.84,11771.52,2024-07-29,Chennai,processing
946,48,170,1,2344.18,2344.18,2025-03-19,Pune,delivered
947,61,102,1,2050.23,2050.23,2024-11-22,Bengaluru,processing
948,81,192,1,1584.29,1584.29,2024-08-14,Mumbai,processing
949,26,163,1,421.9,421.9,2024-02-17,Kolkata,cancelled
950,36,143,2,1218.35,2436.7,2024-01-18,Delhi,cancelled
951,1,152,2,1308.36,2616.72,2025-03-14,Hyderabad,delivered
952,8,123,1,2471.98,2471.98,2024-07-05,Kolkata,cancelled
953,113,159,1,3762.48,3762.48,2024-12-10,Mumbai,cancelled
954,99,102,1,2421.67,2421.67,2024-08-11,Mumbai,processing
955,180,119,2,383.44,766.88,2025-05-02,Delhi,processing
956,47,145,1,4793.17,4793.17,2024-08-16,Hyderabad,cancelled
957,127,114,1,4719.35,4719.35,2025-01-24,Chennai,cancelled
958,56,124,4,3947.43,15789.72,2025-08-11,Pune,cancelled
959,14,193,4,4957.51,19830.04,2024-07-06,Hyderabad,delivered
960,28,177,1,2767.96,2767.96,2024-09-26,Bengaluru,delivered
961,78,170,3,4817.56,14452.68,2024-11-05,Mumbai,delivered
962,130,116,1,470.46,470.46,2024-05-11,Bengaluru,cancelled
963,109,183,4,1891.84,7567.36,2025-07-04,Chennai,cancelled
964,154,199,3,1204.37,3613.11,2024-03-12,Bengaluru,delivered
965,14,108,3,1059.58,3178.74,2024-07-05,Hyderabad,delivered
966,187,137,1,789.93,789.93,2025-04-30,Bengaluru,cancelled
967,56,147,4,3149.83,12599.32,2024-07-09,Chennai,processing
968,115,159,4,3928.48,15713.92,2025-02-25,Chennai,delivered
969,7,162,3,2933.66,8800.98,2024-04-29,Chennai,cancelled
970,3,185,1,820.12,820.12,2024-08-07,Hyderabad,cancelled
971,111,101,2,4074.51,8149.02,2024-02-22,Chennai,processing
972,151,187,2,3216.18,6432.36,2025-03-26,Mumbai,cancelled
973,107,171,4,2002.01,8008.04,2025-02-15,Kolkata,cancelled
974,18,110,2,3403.24,6806.48,2024-08-24,Chennai,delivered
975,38,163,4,1373.53,5494.12,2025-02-09,Bengaluru,delivered
976,115,176,4,1791.44,7165.76,2025-02-25,Pune,processing
977,15,180,4,4595.68,18382.72,2024-09-03,Bengaluru,processing
978,192,171,2,1523.47,3046.94,2024-03-12,Pune,cancelled
979,119,120,4,2402.94,9611.76,2024-07-03,Bengaluru,delivered
980,28,117,3,4461.69,13385.07,2024-01-06,Hyderabad,processing
981,39,193,1,3567.83,3567.83,2024-07-24,Bengaluru,processing
982,185,163,1,404.8,404.8,2025-06-27,Hyderabad,processing
983,17,181,4,821.78,3287.12,2025-01-21,Hyderabad,cancelled
984,86,194,1,138.42,138.42,2024-03-16,Chennai,delivered
985,126,137,2,3191.52,6383.04,2024-06-25,Mumbai,processing
986,44,131,2,2293.6,4587.2,2024-12-14,Pune,delivered
987,25,110,1,757.95,757.95,2024-09-11,Chennai,processing
988,145,144,2,4793.88,9587.76,2024-11-03,Chennai,processing
989,13,188,1,2695.33,2695.33,2024-12-10,Kolkata,delivered
990,25,132,1,1285.28,1285.28,2024-05-06,Hyderabad,delivered
991,68,140,1,2552.96,2552.96,2024-10-13,Hyderabad,delivered
992,138,107,4,3430.14,13720.56,2025-08-18,Pune,cancelled
993,67,110,1,473.57,473.57,2025-05-01,Bengaluru,processing
994,109,185,4,1446.05,5784.2,2025-01-17,Bengaluru,cancelled
995,146,150,1,4054.13,4054.13,2025-02-09,Chennai,delivered
996,111,187,1,2352.36,2352.36,2025-01-22,Delhi,processing
997,111,140,1,2778.23,2778.23,2025-06-08,Delhi,cancelled
998,34,116,2,2220.8,4441.6,2025-07-10,Bengaluru,processing
999,111,175,4,315.11,1260.44,2024-10-02,Delhi,cancelled
1000,8,145,4,912.17,3648.68,2025-05-14,Kolkata,delivered
